{
  "experiment": "esm_p7_holdout_v1",
  "model": "meta-llama/Llama-3.2-3B-Instruct",
  "n_total": 300,
  "n_train": 210,
  "n_test": 90,
  "single_point_layer": 26,
  "single_point_train_auroc": 0.9904761904761905,
  "single_point_test_auroc": 0.9293827160493826,
  "trajectory_train_auroc": 1.0,
  "trajectory_test_auroc": 0.8474074074074074,
  "holdout_gain": -0.08197530864197522,
  "train_gain": 0.00952380952380949,
  "overfit_penalty": 0.09149911816578471,
  "prior_cv_gain": 0.1482,
  "verdict": "TRAJECTORY_WORSE: trajectory overfits, single-point is better",
  "best_single_layer": 9,
  "best_single_layer_auroc": 0.9520987654320987,
  "all_layer_aurocs": [
    0.8824691358024692, 0.8390123456790124, 0.8972839506172839,
    0.8760493827160494, 0.8908641975308642, 0.9022222222222223,
    0.9214814814814816, 0.9437037037037037, 0.9318518518518518,
    0.9520987654320987, 0.942716049382716,  0.9461728395061728,
    0.9279012345679014, 0.9461728395061728, 0.9441975308641976,
    0.9382716049382716, 0.9392592592592592, 0.9229629629629629,
    0.9293827160493827, 0.9323456790123457, 0.9362962962962964,
    0.9362962962962963, 0.9308641975308642, 0.9219753086419753,
    0.9338271604938271, 0.9135802469135802, 0.9293827160493826,
    0.9313580246913579, 0.9209876543209877
  ]
}
